<?xml version="1.0" encoding="UTF-8"?>
<aoaLv01 xmlns:StUF="http://www.egem.nl/StUF/StUF0301" xmlns="http://www.egem.nl/StUF/sector/bg/0310" xmlns:BG="http://www.egem.nl/StUF/sector/bg/0310" xmlns:gml="http://www.opengis.net/gml" xmlns:xlink="http://www.w3.org/1999/xlink" xmlns:xsi="http://www.w3.org/2001/XMLSchema-instance" xsi:schemaLocation="http://www.egem.nl/StUF/sector/bg/0310 ..\..\..\bg0310\vraagAntwoord\bg0310_msg_vraagAntwoord.xsd">
	<stuurgegevens>
		<StUF:berichtcode>Lv01</StUF:berichtcode>
		<StUF:zender>
			<StUF:applicatie>AAG</StUF:applicatie>
		</StUF:zender>
		<StUF:ontvanger>
			<StUF:applicatie>DDS</StUF:applicatie>
			<StUF:gebruiker>BOUWDDS</StUF:gebruiker>
		</StUF:ontvanger>
		<StUF:referentienummer>1</StUF:referentienummer>
		<StUF:tijdstipBericht>2012030915183043</StUF:tijdstipBericht>
		<StUF:entiteittype>AOA</StUF:entiteittype>
	</stuurgegevens>
	<parameters>
		<StUF:sortering>0</StUF:sortering>
		<StUF:indicatorVervolgvraag>false</StUF:indicatorVervolgvraag>
		<!-- Dit zorgt er voor dat het aantal van 2 resultaten in het antwoordbericht terecht is. -->
		<StUF:maximumAantal>2</StUF:maximumAantal>
	</parameters>
	<gelijk StUF:entiteittype="AOA">
		<identificatie>0123456789012345</identificatie>
		<isVan StUF:entiteittype="AOATGO" StUF:sleutelGegevensbeheer="" StUF:sleutelVerzendend="" >
			<gerelateerde StUF:entiteittype="TGO">
			</gerelateerde>
		</isVan>
	</gelijk>
	<scope>
		<object StUF:entiteittype="AOA">
			<identificatie xsi:nil="true" xmlns:xsi="http://www.w3.org/2001/XMLSchema-instance"/>
			<wpl.woonplaatsNaamNen xsi:nil="true" xmlns:xsi="http://www.w3.org/2001/XMLSchema-instance"/>
			<huisnummer xsi:nil="true" xmlns:xsi="http://www.w3.org/2001/XMLSchema-instance"/>
			<postcode xsi:nil="true" xmlns:xsi="http://www.w3.org/2001/XMLSchema-instance"/>
			<gor.straatnaam xsi:nil="true" xmlns:xsi="http://www.w3.org/2001/XMLSchema-instance"/>
		</object>
	</scope>
</aoaLv01>
