<SectorModel:kennisgevingsBericht 
	xmlns:xsi="http://www.w3.org/2001/XMLSchema-instance" 
	xmlns:StUF="http://www.egem.nl/StUF/StUF0204" 
	xmlns:SectorModel="http://www.egem.nl/StUF/sector/bg/0204">
	<StUF:stuurgegevens xmlns="http://www.egem.nl/StUF/StUF0204">
		<berichtsoort>Lk01</berichtsoort>
		<entiteittype>R03</entiteittype>
		<sectormodel>BG</sectormodel>
		<versieStUF>0204</versieStUF>
		<versieSectormodel>0204</versieSectormodel>
		<zender>
			<applicatie>BAG</applicatie>
		</zender>
		<ontvanger>	
			<applicatie>GBA</applicatie>
		</ontvanger>
		<referentienummer>BAG000009120</referentienummer>
		<tijdstipBericht>2009081112050135</tijdstipBericht>
		<kennisgeving>
			<mutatiesoort>W</mutatiesoort>
			<indicatorOvername>V</indicatorOvername>
		</kennisgeving>
	</StUF:stuurgegevens>
	<SectorModel:body xmlns="http://www.egem.nl/StUF/sector/bg/0204">
		<R03 soortEntiteit="T" StUF:verwerkingssoort="W">
		<gemeentecode>0518</gemeentecode>
		<woonplaatscode xsi:nil="true" StUF:noValue="waardeOnbekend"/>
		<woonplaatsnaam>Den Haag</woonplaatsnaam>
		<gemeentenaam>'s-Gravenhage</gemeentenaam>
		<ingangsdatum>20090801</ingangsdatum>
		<einddatum>20090811</einddatum>
		<extraElementen>
			<StUF:extraElement naam="identificatieWoonplaats" xsi:nil="true" StUF:noValue="waardeOnbekend"/>
			<StUF:extraElement naam="woonplaatsNaamBAG">Den Haag</StUF:extraElement>
			<StUF:extraElement naam="codeGebeurtenis" xsi:nil="true" StUF:noValue="waardeOnbekend"/>
		</extraElementen>
		</R03>
		<R03 soortEntiteit="F" StUF:verwerkingssoort="W">
		<gemeentecode>0518</gemeentecode>
		<woonplaatscode xsi:nil="true" StUF:noValue="waardeOnbekend"/>
		<woonplaatsnaam>'s-Gravenhage</woonplaatsnaam>
		<gemeentenaam>'s-Gravenhage</gemeentenaam>
		<ingangsdatum>20090811</ingangsdatum>
		<einddatum xsi:nil="true" StUF:noValue="geenWaarde"/>
		<extraElementen>
			<StUF:extraElement naam="identificatieWoonplaats">1245</StUF:extraElement>
			<StUF:extraElement naam="woonplaatsNaamBAG">'s-Gravenhage</StUF:extraElement>
			<StUF:extraElement naam="codeGebeurtenis">BRA-HWP</StUF:extraElement>
		</extraElementen>
		</R03>
	</SectorModel:body>
</SectorModel:kennisgevingsBericht>
	
