<SectorModel:kennisgevingsBericht 
	xmlns:xsi="http://www.w3.org/2001/XMLSchema-instance" 
	xmlns:StUF="http://www.egem.nl/StUF/StUF0204" 
	xmlns:SectorModel="http://www.egem.nl/StUF/sector/bg/0204">
	<StUF:stuurgegevens xmlns="http://www.egem.nl/StUF/StUF0204">
		<berichtsoort>Lk01</berichtsoort>
		<entiteittype>ADR</entiteittype>
		<sectormodel>BG</sectormodel>
		<versieStUF>0204</versieStUF>
		<versieSectormodel>0204</versieSectormodel>
		<zender>
			<applicatie>BAG</applicatie>
		</zender>
		<ontvanger>	
			<applicatie>GBA</applicatie>
		</ontvanger>
		<referentienummer>BAG000000110</referentienummer>
		<tijdstipBericht>2009090915500133</tijdstipBericht>
		<kennisgeving>
			<mutatiesoort>W</mutatiesoort>
			<indicatorOvername>V</indicatorOvername>
		</kennisgeving>
	</StUF:stuurgegevens>
	<SectorModel:body xmlns="http://www.egem.nl/StUF/sector/bg/0204">
		<ADR soortEntiteit="F" StUF:verwerkingssoort="W">
		<postcode>2595AN</postcode>
		<woonplaatsnaam>'s-Gravenhage</woonplaatsnaam>
		<straatnaam>S. v. Basisregistratieln</straatnaam>
		<huisnummer>104</huisnummer>
		<huisletter>A</huisletter>
		<huisnummertoevoeging xsi:nil="true" StUF:noValue="geenWaarde"/>
		<aanduidingBijHuisnummer xsi:nil="true" StUF:noValue="geenWaarde"/>
		<locatieomschrijving xsi:nil="true" StUF:noValue="geenWaarde"/>
		<locatieadresnummer xsi:nil="true" StUF:noValue="waardeOnbekend"/>
		<ingangsdatum>20090901</ingangsdatum>
		<einddatum>20090909</einddatum>
		<gemeentecode>0518</gemeentecode>
		<tijdvakGeldigheid>
			<StUF:begindatumTijdvakGeldigheid>20090901</StUF:begindatumTijdvakGeldigheid>
			<StUF:einddatumTijdvakGeldigheid xsi:nil="true" StUF:noValue="geenWaarde"/>
		</tijdvakGeldigheid>
		<extraElementen>
			<StUF:extraElement naam="identificatieTGO" xsi:nil="true" StUF:noValue="waardeOnbekend"/>
			<StUF:extraElement naam="identificatieAOA" xsi:nil="true" StUF:noValue="waardeOnbekend"/>
			<StUF:extraElement naam="codeGebeurtenis" xsi:nil="true" StUF:noValue="waardeOnbekend"/>
		</extraElementen>
		</ADR>
		<ADR soortEntiteit="F" StUF:verwerkingssoort="W">
		<postcode>2595AN</postcode>
		<woonplaatsnaam>'s-Gravenhage</woonplaatsnaam>
		<straatnaam>S. v. Basisregistratieln</straatnaam>
		<huisnummer>144</huisnummer>
		<huisletter xsi:nil="true" StUF:noValue="geenWaarde"/>
		<huisnummertoevoeging xsi:nil="true" StUF:noValue="geenWaarde"/>
		<aanduidingBijHuisnummer xsi:nil="true" StUF:noValue="geenWaarde"/>
		<locatieomschrijving xsi:nil="true" StUF:noValue="geenWaarde"/>
		<locatieadresnummer xsi:nil="true" StUF:noValue="waardeOnbekend"/>
		<ingangsdatum>20090909</ingangsdatum>
		<gemeentecode>0518</gemeentecode>
		<tijdvakGeldigheid>
			<StUF:begindatumTijdvakGeldigheid>20090909</StUF:begindatumTijdvakGeldigheid>
			<StUF:einddatumTijdvakGeldigheid xsi:nil="true" StUF:noValue="geenWaarde"/>
		</tijdvakGeldigheid>		
		<extraElementen>
			<StUF:extraElement naam="identificatieTGO">0518011234567890</StUF:extraElement>
			<StUF:extraElement naam="identificatieAOA">0518209876543210</StUF:extraElement>
			<StUF:extraElement naam="codeGebeurtenis">BGR-HNU</StUF:extraElement>
		</extraElementen>
		</ADR>
	</SectorModel:body>
</SectorModel:kennisgevingsBericht>
	
