<SectorModel:kennisgevingsBericht 
xmlns:xsi="http://www.w3.org/2001/XMLSchema-instance" 
xmlns:StUF="http://www.egem.nl/StUF/StUF0204" 
xmlns:SectorModel="http://www.egem.nl/StUF/sector/bg/0204">
	<StUF:stuurgegevens xmlns="http://www.egem.nl/StUF/StUF0204">
		<berichtsoort>Lk01</berichtsoort>
		<entiteittype>R02</entiteittype>
		<sectormodel>BG</sectormodel>
		<versieStUF>0204</versieStUF>
		<versieSectormodel>0204</versieSectormodel>
		<zender>
			<applicatie>BAG</applicatie>
		</zender>
		<ontvanger>
			<applicatie>GBA</applicatie>
		</ontvanger>
		<referentienummer>BAG000000110</referentienummer>
		<tijdstipBericht>2009080115501213</tijdstipBericht>
		<kennisgeving>
			<mutatiesoort>T</mutatiesoort>
			<indicatorOvername>V</indicatorOvername>
		</kennisgeving>
	</StUF:stuurgegevens>
	<SectorModel:body xmlns="http://www.egem.nl/StUF/sector/bg/0204">
		<R02 soortEntiteit="T" StUF:verwerkingssoort="T">
			<gemeentecode>0518</gemeentecode>
			<woonplaatscode xsi:nil="true" StUF:noValue="waardeOnbekend"/>
			<straatcode>12345</straatcode>
			<straatnaam>S. v. Basisregistratieln</straatnaam>
			<ingangsdatum>20090801</ingangsdatum>
			<einddatum xsi:nil="true" StUF:noValue="geenWaarde"/>
			<extraElementen>
				<StUF:extraElement naam="identificatieOpenbareRuimte">0518300000000012</StUF:extraElement>
				<StUF:extraElement naam="openbareRuimteNaam">Stella van Basisregistratielaan</StUF:extraElement>
				<StUF:extraElement naam="status">Naamgeving uitgegeven</StUF:extraElement>
				<StUF:extraElement naam="identificatieWoonplaats">1245</StUF:extraElement>
				<StUF:extraElement naam="woonplaatsNaamBAG">Den Haag</StUF:extraElement>
				<StUF:extraElement naam="codeGebeurtenis">BRA-BOR</StUF:extraElement>
			</extraElementen>
		</R02>
	</SectorModel:body>
</SectorModel:kennisgevingsBericht>
