<SectorModel:kennisgevingsBericht 
xmlns:xsi="http://www.w3.org/2001/XMLSchema-instance" 
xmlns:StUF="http://www.egem.nl/StUF/StUF0204" 
xmlns:SectorModel="http://www.egem.nl/StUF/sector/bg/0204">
	<StUF:stuurgegevens xmlns="http://www.egem.nl/StUF/StUF0204">
		<berichtsoort>Lk01</berichtsoort>
		<entiteittype>ADR</entiteittype>
		<sectormodel>BG</sectormodel>
		<versieStUF>0204</versieStUF>
		<versieSectormodel>0204</versieSectormodel>
		<zender>
			<applicatie>BAG</applicatie>
		</zender>
		<ontvanger>
			<applicatie>GBA</applicatie>
		</ontvanger>
		<referentienummer>BAG000000001</referentienummer>
		<tijdstipBericht>2009090114501225</tijdstipBericht>
		<kennisgeving>
			<mutatiesoort>T</mutatiesoort>
			<indicatorOvername>V</indicatorOvername>
		</kennisgeving>
	</StUF:stuurgegevens>
	<SectorModel:body xmlns="http://www.egem.nl/StUF/sector/bg/0204">
		<ADR soortEntiteit="F" StUF:verwerkingssoort="T">
			<postcode>2595AN</postcode>
			<woonplaatsnaam>'s-Gravenhage</woonplaatsnaam>
			<straatnaam>S. v. Basisregistratieln</straatnaam>
			<huisnummer>104</huisnummer>
			<huisletter>A</huisletter>
			<huisnummertoevoeging xsi:nil="true" StUF:noValue="geenWaarde"/>
			<aanduidingBijHuisnummer xsi:nil="true" StUF:noValue="geenWaarde"/>
			<locatieomschrijving xsi:nil="true" StUF:noValue="geenWaarde"/>
			<locatieadresnummer xsi:nil="true" StUF:noValue="waardeOnbekend"/>
			<ingangsdatum>20090901</ingangsdatum>
			<straatcode>12345</straatcode>
			<gemeentecode>0518</gemeentecode>
			<tijdvakGeldigheid>
				<StUF:begindatumTijdvakGeldigheid>20090901</StUF:begindatumTijdvakGeldigheid>
				<StUF:einddatumTijdvakGeldigheid xsi:nil="true" StUF:noValue="geenWaarde"/>
			</tijdvakGeldigheid>
			<extraElementen>
				<StUF:extraElement naam="identificatieWoonplaats">1245</StUF:extraElement>
				<StUF:extraElement naam="woonplaatsNaamBAG">'s-Gravenhage</StUF:extraElement>
				<StUF:extraElement naam="identificatieOpenbareRuimte">0518300000000012</StUF:extraElement>
				<StUF:extraElement naam="openbareRuimteNaam">Stella van Basisregistratielaan</StUF:extraElement>
				<StUF:extraElement naam="status">Naamgeving uitgegeven</StUF:extraElement>
				<StUF:extraElement naam="identificatieTGO">0518011234567890</StUF:extraElement>
				<StUF:extraElement naam="identificatieAOA">0518209876543210</StUF:extraElement>
				<StUF:extraElement naam="codeGebeurtenis">BGR-VBN</StUF:extraElement>
			</extraElementen>
		</ADR>
	</SectorModel:body>
</SectorModel:kennisgevingsBericht>
